"","method","Iteration","lb","ub"
"1",NA,1,0.930464699608,1.31961195882731
"2",NA,2,0.930464699608,1.31961195882731
"3",NA,3,0.930464699608,1.31961195882731
"4",NA,4,0.930464699608,1.31961195882731
"5",NA,5,0.930464699608,1.31961195882731
"6",NA,6,0.930464699608,1.31961195882731
"7",NA,7,0.930464699608,1.31961195882731
"8",NA,8,0.930464699608,1.31961195882731
"9",NA,9,0.930464699608,1.31961195882731
"10",NA,10,0.930464699608,1.31961195882731
